<?xml version="1.0" encoding="utf-8"?>
<updates>
	<update>
		<name>Google Maps</name>
		<description>Plugin Googlemap for showing Google Maps in your Joomla website</description>
		<element>plugin_googlemap2</element>
		<type>plugin</type>
		<folder>system</folder>
		<version>2.17</version>
		<infourl title="Plugin Googlemap">http://tech.reumer.net</infourl>
		<downloads>
			<downloadurl type="full" format="tgz">http://joomlacode.org/gf/download/frsrelease/17301/75299/plugin_googlemap_J25.2.17.zip</downloadurl>
		</downloads>
		<maintainer>Mike Reumer</maintainer>
		<maintainerurl></maintainerurl>
		<targetplatform name="joomla" version="1.6" />
	</update>
	<update>
		<name>Google Maps</name>
		<description>Plugin Googlemap for showing Google Maps in your Joomla website</description>
		<element>plugin_googlemap2</element>
		<type>plugin</type>
		<folder>system</folder>
		<version>2.17</version>
		<client_id>0</client_id>
		<infourl title="Plugin Googlemap">http://tech.reumer.net</infourl>
		<downloads>
			<downloadurl type="full" format="tgz">http://joomlacode.org/gf/download/frsrelease/17301/75299/plugin_googlemap_J25.2.17.zip</downloadurl>
		</downloads>
		<maintainer>Mike Reumer</maintainer>
		<maintainerurl></maintainerurl>
		<targetplatform name="joomla" version="1.7" />
	</update>
	<update>
		<name>Google Maps</name>
		<description>Plugin Googlemap for showing Google Maps in your Joomla website</description>
		<element>plugin_googlemap2</element>
		<type>plugin</type>
		<folder>system</folder>
		<version>2.17</version>
		<client_id>0</client_id>
		<client>site</client>
		<downloads>
			<downloadurl type="full" format="tgz">http://joomlacode.org/gf/download/frsrelease/17301/75299/plugin_googlemap_J25.2.17.zip</downloadurl>
		</downloads>
		<maintainer>Mike Reumer</maintainer>
		<maintainerurl></maintainerurl>
		<targetplatform name="joomla" version="2.5" />
	</update>
</updates>